{
    "kind":  "matmul_sampled_stats_sweep",
    "m":  4096,
    "n":  4096,
    "k":  4096,
    "finite_only":  true,
    "samples":  2048,
    "seeds":  [
                  20260423,
                  20260503,
                  20260504
              ],
    "tag":  "finite_exp32",
    "scale_exp_min":  -32,
    "scale_exp_max":  32,
    "run_count":  3,
    "total_finite_count":  6144,
    "total_inf_count":  0,
    "total_nan_count":  0,
    "total_matched_nonfinite_count":  0,
    "total_mismatched_nonfinite_count":  0,
    "mean_of_mean_abs_error":  3785618500937939.5,
    "mean_of_mean_rel_error":  8.879006148545135E-08,
    "max_of_max_abs_error":  3.6760650319396864E+17,
    "max_of_max_rel_error":  1.1563487692803309E-05,
    "worst_seed_by_max_abs_error":  {
                                        "seed":  20260503,
                                        "max_abs_error":  3.6760650319396864E+17
                                    },
    "worst_seed_by_max_rel_error":  {
                                        "seed":  20260504,
                                        "max_rel_error":  1.1563487692803309E-05
                                    },
    "per_seed":  [
                     {
                         "seed":  20260423,
                         "samples":  2048,
                         "finite_count":  2048,
                         "inf_count":  0,
                         "nan_count":  0,
                         "matched_nonfinite_count":  0,
                         "mismatched_nonfinite_count":  0,
                         "mean_abs_error":  3592376843038471,
                         "mean_rel_error":  8.9509251150796318E-08,
                         "max_abs_error":  1.6165596416704512E+17,
                         "max_rel_error":  1.0131188259314438E-05,
                         "project_checksum_xor":  "0x08385ad9"
                     },
                     {
                         "seed":  20260503,
                         "samples":  2048,
                         "finite_count":  2048,
                         "inf_count":  0,
                         "nan_count":  0,
                         "matched_nonfinite_count":  0,
                         "mismatched_nonfinite_count":  0,
                         "mean_abs_error":  4286420452687677,
                         "mean_rel_error":  8.5363110478072976E-08,
                         "max_abs_error":  3.6760650319396864E+17,
                         "max_rel_error":  4.5064946997049825E-06,
                         "project_checksum_xor":  "0xb38123da"
                     },
                     {
                         "seed":  20260504,
                         "samples":  2048,
                         "finite_count":  2048,
                         "inf_count":  0,
                         "nan_count":  0,
                         "matched_nonfinite_count":  0,
                         "mismatched_nonfinite_count":  0,
                         "mean_abs_error":  3.47805820708767E+15,
                         "mean_rel_error":  9.1497822827484717E-08,
                         "max_abs_error":  2.0964068983360717E+17,
                         "max_rel_error":  1.1563487692803309E-05,
                         "project_checksum_xor":  "0xb1ada9d0"
                     }
                 ]
}
