{
    "kind":  "matmul_sampled_stats_sweep",
    "m":  4096,
    "n":  4096,
    "k":  4096,
    "finite_only":  true,
    "samples":  2048,
    "seeds":  [
                  20260423,
                  20260503,
                  20260504
              ],
    "scale_exp_min":  -8,
    "scale_exp_max":  8,
    "run_count":  3,
    "mean_of_mean_abs_error":  341.72226118170852,
    "mean_of_mean_rel_error":  4.8064487786413481E-07,
    "max_of_max_abs_error":  6442.1805763244629,
    "max_of_max_rel_error":  0.00065938246589590586,
    "worst_seed_by_max_abs_error":  {
                                        "seed":  20260423,
                                        "max_abs_error":  6442.1805763244629
                                    },
    "worst_seed_by_max_rel_error":  {
                                        "seed":  20260503,
                                        "max_rel_error":  0.00065938246589590586
                                    },
    "per_seed":  [
                     {
                         "seed":  20260423,
                         "samples":  2048,
                         "finite_count":  2048,
                         "inf_count":  0,
                         "nan_count":  0,
                         "mean_abs_error":  341.0646487462011,
                         "mean_rel_error":  3.9000083720800359E-07,
                         "max_abs_error":  6442.1805763244629,
                         "max_rel_error":  7.9203601795048466E-05,
                         "project_checksum_xor":  "0x8747fbcf"
                     },
                     {
                         "seed":  20260503,
                         "samples":  2048,
                         "finite_count":  2048,
                         "inf_count":  0,
                         "nan_count":  0,
                         "mean_abs_error":  339.62452784581092,
                         "mean_rel_error":  6.2258128055191549E-07,
                         "max_abs_error":  6139.7813949584961,
                         "max_rel_error":  0.00065938246589590586,
                         "project_checksum_xor":  "0x03731b26"
                     },
                     {
                         "seed":  20260504,
                         "samples":  2048,
                         "finite_count":  2048,
                         "inf_count":  0,
                         "nan_count":  0,
                         "mean_abs_error":  344.47760695311354,
                         "mean_rel_error":  4.2935251583248524E-07,
                         "max_abs_error":  6086.6204566955566,
                         "max_rel_error":  7.7531797481523174E-05,
                         "project_checksum_xor":  "0x1926b2d0"
                     }
                 ]
}
