{
  "kind": "matmul_sampled_stats",
  "m": 4096,
  "n": 4096,
  "k": 4096,
  "k_blocks": 128,
  "seed": 20260503,
  "samples": 2048,
  "sample_ratio": 0.0001220703125,
  "finite_only": true,
  "scale_exp_min": -32,
  "scale_exp_max": 32,
  "project_checksum_xor": "0xb38123da",
  "finite_count": 2048,
  "inf_count": 0,
  "nan_count": 0,
  "matched_nonfinite_count": 0,
  "mismatched_nonfinite_count": 0,
  "max_project_abs": 3.707827840617749e+24,
  "mean_abs_error": 4286420452687676.5,
  "mean_rel_error": 8.536311047807298e-08,
  "max_abs_error": 3.6760650319396864e+17,
  "max_rel_error": 4.5064946997049825e-06,
  "worst_abs_case": {
    "row": 3845,
    "col": 2834,
    "project_bits": "0xe80898cb",
    "project_value": -2.580241497844261e+24,
    "ideal_value": -2.5802418654507644e+24,
    "abs_error": 3.6760650319396864e+17,
    "rel_error": 1.4246978475785188e-07
  },
  "worst_rel_case": {
    "row": 3883,
    "col": 4011,
    "project_bits": "0x619a0c40",
    "project_value": 3.5521016160977945e+20,
    "ideal_value": 3.5521176236970384e+20,
    "abs_error": 1600759924391936.0,
    "rel_error": 4.5064946997049825e-06
  },
  "first_mismatched_nonfinite_case": null,
  "unique_rows": 1592,
  "unique_cols": 1594
}
