{
  "kind": "matmul_sampled_stats",
  "m": 4096,
  "n": 4096,
  "k": 4096,
  "k_blocks": 128,
  "seed": 20260423,
  "samples": 2048,
  "sample_ratio": 0.0001220703125,
  "finite_only": true,
  "scale_exp_min": -8,
  "scale_exp_max": 8,
  "project_checksum_xor": "0x8747fbcf",
  "finite_count": 2048,
  "inf_count": 0,
  "nan_count": 0,
  "matched_nonfinite_count": 0,
  "mismatched_nonfinite_count": 0,
  "max_project_abs": 27053342720.0,
  "mean_abs_error": 341.0646487462011,
  "mean_rel_error": 3.900008372080036e-07,
  "max_abs_error": 6442.180576324463,
  "max_rel_error": 7.920360179504847e-05,
  "worst_abs_case": {
    "row": 1965,
    "col": 724,
    "project_bits": "0x50039c2a",
    "project_value": 8832198656.0,
    "ideal_value": 8832192213.819424,
    "abs_error": 6442.180576324463,
    "rel_error": 7.293976875010269e-07
  },
  "worst_rel_case": {
    "row": 1112,
    "col": 2904,
    "project_bits": "0x4ab9fc00",
    "project_value": 6094336.0,
    "ideal_value": 6093853.344866276,
    "abs_error": 482.65513372421265,
    "rel_error": 7.920360179504847e-05
  },
  "first_mismatched_nonfinite_case": null,
  "unique_rows": 1605,
  "unique_cols": 1626
}
