{
  "kind": "matmul_sampled_stats",
  "m": 4096,
  "n": 4096,
  "k": 4096,
  "k_blocks": 128,
  "seed": 20260503,
  "samples": 2048,
  "sample_ratio": 0.0001220703125,
  "finite_only": true,
  "scale_exp_min": -8,
  "scale_exp_max": 8,
  "project_checksum_xor": "0x03731b26",
  "finite_count": 2048,
  "inf_count": 0,
  "nan_count": 0,
  "matched_nonfinite_count": 0,
  "mismatched_nonfinite_count": 0,
  "max_project_abs": 19459592192.0,
  "mean_abs_error": 339.6245278458109,
  "mean_rel_error": 6.225812805519155e-07,
  "max_abs_error": 6139.781394958496,
  "max_rel_error": 0.0006593824658959059,
  "worst_abs_case": {
    "row": 1561,
    "col": 1839,
    "project_bits": "0xd090fc3a",
    "project_value": -19459592192.0,
    "ideal_value": -19459598331.781395,
    "abs_error": 6139.781394958496,
    "rel_error": 3.155142922416344e-07
  },
  "worst_rel_case": {
    "row": 3200,
    "col": 3836,
    "project_bits": "0xc9138561",
    "project_value": -604246.0625,
    "ideal_value": -603847.8957854509,
    "abs_error": 398.16671454906464,
    "rel_error": 0.0006593824658959059
  },
  "first_mismatched_nonfinite_case": null,
  "unique_rows": 1592,
  "unique_cols": 1594
}
