{
  "kind": "matmul_sampled_stats",
  "m": 4096,
  "n": 4096,
  "k": 4096,
  "k_blocks": 128,
  "seed": 20260423,
  "samples": 2048,
  "sample_ratio": 0.0001220703125,
  "finite_only": true,
  "scale_exp_min": -32,
  "scale_exp_max": 32,
  "project_checksum_xor": "0x08385ad9",
  "finite_count": 2048,
  "inf_count": 0,
  "nan_count": 0,
  "matched_nonfinite_count": 0,
  "mismatched_nonfinite_count": 0,
  "max_project_abs": 3.336183593607732e+24,
  "mean_abs_error": 3592376843038471.0,
  "mean_rel_error": 8.950925115079632e-08,
  "max_abs_error": 1.6165596416704512e+17,
  "max_rel_error": 1.0131188259314438e-05,
  "worst_abs_case": {
    "row": 892,
    "col": 3369,
    "project_bits": "0x67a1937c",
    "project_value": 1.5260432205250178e+24,
    "ideal_value": 1.5260430588690536e+24,
    "abs_error": 1.6165596416704512e+17,
    "rel_error": 1.059314566699369e-07
  },
  "worst_rel_case": {
    "row": 896,
    "col": 3074,
    "project_bits": "0x5dde0253",
    "project_value": 1.999680010729816e+18,
    "ideal_value": 1.999659751800416e+18,
    "abs_error": 20258929400064.0,
    "rel_error": 1.0131188259314438e-05
  },
  "first_mismatched_nonfinite_case": null,
  "unique_rows": 1605,
  "unique_cols": 1626
}
