{
  "kind": "matmul_sampled_stats",
  "m": 4096,
  "n": 4096,
  "k": 4096,
  "k_blocks": 128,
  "seed": 20260504,
  "samples": 2048,
  "sample_ratio": 0.0001220703125,
  "finite_only": true,
  "scale_exp_min": -32,
  "scale_exp_max": 32,
  "project_checksum_xor": "0xb1ada9d0",
  "finite_count": 2048,
  "inf_count": 0,
  "nan_count": 0,
  "matched_nonfinite_count": 0,
  "mismatched_nonfinite_count": 0,
  "max_project_abs": 3.535026524355394e+24,
  "mean_abs_error": 3478058207087670.0,
  "mean_rel_error": 9.149782282748472e-08,
  "max_abs_error": 2.0964068983360717e+17,
  "max_rel_error": 1.156348769280331e-05,
  "worst_abs_case": {
    "row": 3231,
    "col": 3805,
    "project_bits": "0xe81d2331",
    "project_value": -2.968242818700888e+24,
    "ideal_value": -2.968242609060198e+24,
    "abs_error": 2.0964068983360717e+17,
    "rel_error": 7.062788236841037e-08
  },
  "worst_rel_case": {
    "row": 171,
    "col": 3461,
    "project_bits": "0x601ea2d8",
    "project_value": 4.572374519492536e+19,
    "ideal_value": 4.572427392700418e+19,
    "abs_error": 528732078817280.0,
    "rel_error": 1.156348769280331e-05
  },
  "first_mismatched_nonfinite_case": null,
  "unique_rows": 1599,
  "unique_cols": 1580
}
